{
    "surface_builder": "minecraft:grass",
    "depth": 0.125,
    "scale": 0.05,
    "temperature": 0.95,
    "downfall": 0,
    "creature_spawn_probability": -1,
    "precipitation": "none",
    "category": "beach",
    "effects": {
        "sky_color": -8804127,
        "fog_color": -4138783,
        "water_color": -12618012,
        "water_fog_color": -16448205,
        "foliage_color": -4680614
    },
    "starts": [],
    "spawners": {},
    "spawn_costs": {},
    "carvers": {},
    "features": []
}
