[
  {
    "name": "Nether",
    "disabled": false,
    "kits": [ ],
    "positions": {
      "1": {
        "world": "world",
        "x": -125.98787238393241,
        "y": 92.0,
        "z": 288.51108866114237,
        "pitch": -1.2294722,
        "yaw": -0.23334223
      },
      "2": {
        "world": "world",
        "x": -125.99638989421167,
        "y": 92.0,
        "z": 383.5170939523586,
        "pitch": -1.4151442,
        "yaw": 178.04951
      }
    }
  },
  {
    "name": "End",
    "disabled": false,
    "kits": [ ],
    "positions": {
      "1": {
        "world": "world",
        "x": -126.00624337159697,
        "y": 94.0,
        "z": 389.73884745105585,
        "pitch": -0.022664681,
        "yaw": 1.157959
      },
      "2": {
        "world": "world",
        "x": -126.01444748550648,
        "y": 93.0,
        "z": 484.4202193574858,
        "pitch": -0.48708472,
        "yaw": 179.34961
      }
    }
  },
  {
    "name": "Forest",
    "disabled": false,
    "kits": [ ],
    "positions": {
      "1": {
        "world": "world",
        "x": -74.99750081623634,
        "y": 93.0,
        "z": 288.558932859103,
        "pitch": -2.0646667,
        "yaw": -0.046203613
      },
      "2": {
        "world": "world",
        "x": -75.00093208587316,
        "y": 93.0,
        "z": 383.46946369675135,
        "pitch": -0.6725888,
        "yaw": 179.44469
      }
    }
  },
  {
    "name": "Ice",
    "disabled": false,
    "kits": [ ],
    "positions": {
      "1": {
        "world": "world",
        "x": -74.986408418163,
        "y": 92.0,
        "z": 389.58340607662444,
        "pitch": -1.1367859,
        "yaw": -0.7015381
      },
      "2": {
        "world": "world",
        "x": -74.99183505610094,
        "y": 93.0,
        "z": 484.5526585452097,
        "pitch": -0.7655907,
        "yaw": -179.82495
      }
    }
  },
  {
    "name": "Beach",
    "disabled": false,
    "kits": [ ],
    "positions": {
      "1": {
        "world": "world",
        "x": -24.00490006332861,
        "y": 92.0,
        "z": 288.38685941260877,
        "pitch": -1.41519,
        "yaw": 0.6173096
      },
      "2": {
        "world": "world",
        "x": -23.999940400661163,
        "y": 91.0,
        "z": 383.5127257322755,
        "pitch": -2.4361176,
        "yaw": 179.72585
      }
    }
  },
  {
    "name": "Workzone",
    "disabled": false,
    "kits": [ ],
    "positions": {
      "1": {
        "world": "world",
        "x": -23.98942526488474,
        "y": 92.0,
        "z": 389.4275929271833,
        "pitch": -4.292221,
        "yaw": -0.046203613
      },
      "2": {
        "world": "world",
        "x": -24.00690181154775,
        "y": 93.0,
        "z": 484.4920881346589,
        "pitch": 0.44105655,
        "yaw": 179.35175
      }
    }
  },
  {
    "name": "Badlands",
    "disabled": false,
    "kits": [ ],
    "positions": {
      "1": {
        "world": "world",
        "x": 26.99061318716761,
        "y": 91.0,
        "z": 288.47130096480487,
        "pitch": 0.4409116,
        "yaw": 0.053344727
      },
      "2": {
        "world": "world",
        "x": 26.992838980886756,
        "y": 91.0,
        "z": 383.48985078855463,
        "pitch": -1.2296085,
        "yaw": 179.36511
      }
    }
  },
  {
    "name": "Lily",
    "disabled": false,
    "kits": [ ],
    "positions": {
      "1": {
        "world": "world",
        "x": 26.99558742258975,
        "y": 93.0,
        "z": 389.61262213784397,
        "pitch": -1.6934506,
        "yaw": 0.96380615
      },
      "2": {
        "world": "world",
        "x": 27.98891150294649,
        "y": 92.0,
        "z": 484.4594845854307,
        "pitch": -0.9511139,
        "yaw": -178.7987
      }
    }
  },
  {
    "name": "Plains",
    "disabled": false,
    "kits": [ ],
    "positions": {
      "1": {
        "world": "world",
        "x": 77.99403018314405,
        "y": 92.0,
        "z": 288.53124224298347,
        "pitch": 1.6473293,
        "yaw": 0.41070557
      },
      "2": {
        "world": "world",
        "x": 77.98481483014223,
        "y": 92.0,
        "z": 383.4656977738297,
        "pitch": -1.2294765,
        "yaw": -179.80206
      }
    }
  },
  {
    "name": "Dice",
    "disabled": false,
    "kits": [ ],
    "positions": {
      "1": {
        "world": "world",
        "x": 78.00357744972906,
        "y": 93.0,
        "z": 389.497488819059,
        "pitch": -0.20856157,
        "yaw": -0.5189209
      },
      "2": {
        "world": "world",
        "x": 78.00157902060053,
        "y": 92.0,
        "z": 484.51465859671725,
        "pitch": -1.6007303,
        "yaw": -179.71423
      }
    }
  }
]