{
  "Cleric": {
    "name": "Cleric",
    "displayed": {
      "item": {
        "==": "org.bukkit.inventory.ItemStack",
        "v": 2975,
        "type": "IRON_SWORD",
        "meta": {
          "==": "ItemMeta",
          "meta-type": "UNSPECIFIC",
          "display-name": "{\"extra\":[{\"bold\":true,\"italic\":false,\"underlined\":false,\"strikethrough\":false,\"obfuscated\":false,\"color\":\"gray\",\"text\":\"Cleric\"}],\"text\":\"\"}",
          "lore": [
            "{\"extra\":[{\"bold\":false,\"italic\":false,\"underlined\":false,\"strikethrough\":false,\"obfuscated\":false,\"color\":\"green\",\"text\":\"Click to send\"}],\"text\":\"\"}",
            "{\"extra\":[{\"bold\":false,\"italic\":false,\"underlined\":false,\"strikethrough\":false,\"obfuscated\":false,\"color\":\"green\",\"text\":\"a duel request\"}],\"text\":\"\"}",
            "{\"extra\":[{\"bold\":false,\"italic\":false,\"underlined\":false,\"strikethrough\":false,\"obfuscated\":false,\"color\":\"green\",\"text\":\"with this kit!\"}],\"text\":\"\"}"
          ]
        }
      }
    },
    "usePermission": false,
    "arenaSpecific": false,
    "characteristics": [ ],
    "items": {
      "INVENTORY": {
        "0": {
          "item": {
            "==": "org.bukkit.inventory.ItemStack",
            "v": 2975,
            "type": "IRON_SWORD",
            "meta": {
              "==": "ItemMeta",
              "meta-type": "UNSPECIFIC",
              "enchants": {
                "DAMAGE_ALL": 2
              }
            }
          }
        },
        "1": {
          "item": {
            "==": "org.bukkit.inventory.ItemStack",
            "v": 2975,
            "type": "BOW",
            "meta": {
              "==": "ItemMeta",
              "meta-type": "UNSPECIFIC",
              "enchants": {
                "ARROW_DAMAGE": 1
              }
            }
          }
        },
          "2": {
          "item": {
            "==": "org.bukkit.inventory.ItemStack",
            "v": 2975,
            "type": "COOKED_BEEF",
            "amount": 16
          }
        },
        "36": {
          "item": {
            "==": "org.bukkit.inventory.ItemStack",
            "v": 2975,
            "type": "IRON_BOOTS",
            "meta": {
              "==": "ItemMeta",
              "meta-type": "UNSPECIFIC",
              "enchants": {
                "PROTECTION_ENVIRONMENTAL": 1
              }
            }
          }
        },
        "37": {
          "item": {
            "==": "org.bukkit.inventory.ItemStack",
            "v": 2975,
            "type": "IRON_LEGGINGS",
            "meta": {
              "==": "ItemMeta",
              "meta-type": "UNSPECIFIC",
              "enchants": {
                "PROTECTION_ENVIRONMENTAL": 2
              }
            }
          }
        },
        "38": {
          "item": {
            "==": "org.bukkit.inventory.ItemStack",
            "v": 2975,
            "type": "IRON_CHESTPLATE",
            "meta": {
              "==": "ItemMeta",
              "meta-type": "UNSPECIFIC",
              "enchants": {
                "PROTECTION_ENVIRONMENTAL": 2
              }
            }
          }
        },
        "39": {
          "item": {
            "==": "org.bukkit.inventory.ItemStack",
            "v": 2975,
            "type": "IRON_HELMET",
            "meta": {
              "==": "ItemMeta",
              "meta-type": "UNSPECIFIC",
              "enchants": {
                "PROTECTION_ENVIRONMENTAL": 1
              }
            }
          }
        },
        "8": {
          "item": {
            "==": "org.bukkit.inventory.ItemStack",
            "v": 2975,
            "type": "ARROW",
            "amount": 12
          }
        }
      },
      "ARMOR": {
        "1": {
          "item": {
            "==": "org.bukkit.inventory.ItemStack",
            "v": 2975,
            "type": "IRON_HELMET",
            "meta": {
              "==": "ItemMeta",
              "meta-type": "UNSPECIFIC",
              "enchants": {
                "PROTECTION_ENVIRONMENTAL": 1
              }
            }
          }
        },
        "2": {
          "item": {
            "==": "org.bukkit.inventory.ItemStack",
            "v": 2975,
            "type": "IRON_CHESTPLATE",
            "meta": {
              "==": "ItemMeta",
              "meta-type": "UNSPECIFIC",
              "enchants": {
                "PROTECTION_ENVIRONMENTAL": 2
              }
            }
          }
        },
        "3": {
          "item": {
            "==": "org.bukkit.inventory.ItemStack",
            "v": 2975,
            "type": "IRON_LEGGINGS",
            "meta": {
              "==": "ItemMeta",
              "meta-type": "UNSPECIFIC",
              "enchants": {
                "PROTECTION_ENVIRONMENTAL": 2
              }
            }
          }
        },
        "4": {
          "item": {
            "==": "org.bukkit.inventory.ItemStack",
            "v": 2975,
            "type": "IRON_BOOTS",
            "meta": {
              "==": "ItemMeta",
              "meta-type": "UNSPECIFIC",
              "enchants": {
                "PROTECTION_ENVIRONMENTAL": 1
              }
            }
          }
        }
      }
    }
  },
  "Archer": {
    "name": "Archer",
    "displayed": {
      "item": {
        "==": "org.bukkit.inventory.ItemStack",
        "v": 2975,
        "type": "CROSSBOW",
        "meta": {
          "==": "ItemMeta",
          "meta-type": "UNSPECIFIC",
          "display-name": "{\"extra\":[{\"bold\":true,\"italic\":false,\"underlined\":false,\"strikethrough\":false,\"obfuscated\":false,\"color\":\"gray\",\"text\":\"Archer\"}],\"text\":\"\"}",
          "lore": [
            "{\"extra\":[{\"bold\":false,\"italic\":false,\"underlined\":false,\"strikethrough\":false,\"obfuscated\":false,\"color\":\"green\",\"text\":\"Click to send\"}],\"text\":\"\"}",
            "{\"extra\":[{\"bold\":false,\"italic\":false,\"underlined\":false,\"strikethrough\":false,\"obfuscated\":false,\"color\":\"green\",\"text\":\"a duel request\"}],\"text\":\"\"}",
            "{\"extra\":[{\"bold\":false,\"italic\":false,\"underlined\":false,\"strikethrough\":false,\"obfuscated\":false,\"color\":\"green\",\"text\":\"with this kit!\"}],\"text\":\"\"}"
          ]
        }
      }
    },
    "usePermission": false,
    "arenaSpecific": false,
    "characteristics": [ ],
    "items": {
      "INVENTORY": {
        "0": {
          "item": {
            "==": "org.bukkit.inventory.ItemStack",
            "v": 2975,
            "type": "IRON_SWORD",
            "meta": {
              "==": "ItemMeta",
              "meta-type": "UNSPECIFIC",
              "enchants": {
                "DAMAGE_ALL": 2
              }
            }
          }
        },
        "1": {
          "item": {
            "==": "org.bukkit.inventory.ItemStack",
            "v": 2975,
            "type": "CROSSBOW",
            "meta": {
              "==": "ItemMeta",
              "meta-type": "CROSSBOW",
              "enchants": {
                "PIERCING": 3
              },
              "charged": false
            }
          }
        },
          "2": {
          "item": {
            "==": "org.bukkit.inventory.ItemStack",
            "v": 2975,
            "type": "COOKED_BEEF",
            "amount": 16
          }
        },
        "36": {
          "item": {
            "==": "org.bukkit.inventory.ItemStack",
            "v": 2975,
            "type": "IRON_BOOTS",
            "meta": {
              "==": "ItemMeta",
              "meta-type": "UNSPECIFIC",
              "enchants": {
                "PROTECTION_ENVIRONMENTAL": 1
              }
            }
          }
        },
        "37": {
          "item": {
            "==": "org.bukkit.inventory.ItemStack",
            "v": 2975,
            "type": "DIAMOND_LEGGINGS",
            "meta": {
              "==": "ItemMeta",
              "meta-type": "UNSPECIFIC",
              "enchants": {
                "PROTECTION_ENVIRONMENTAL": 1
              }
            }
          }
        },
        "38": {
          "item": {
            "==": "org.bukkit.inventory.ItemStack",
            "v": 2975,
            "type": "DIAMOND_CHESTPLATE",
            "meta": {
              "==": "ItemMeta",
              "meta-type": "UNSPECIFIC",
              "enchants": {
                "PROTECTION_ENVIRONMENTAL": 2
              }
            }
          }
        },
        "39": {
          "item": {
            "==": "org.bukkit.inventory.ItemStack",
            "v": 2975,
            "type": "IRON_HELMET",
            "meta": {
              "==": "ItemMeta",
              "meta-type": "UNSPECIFIC",
              "enchants": {
                "PROTECTION_ENVIRONMENTAL": 1
              }
            }
          }
        },
        "8": {
          "item": {
            "==": "org.bukkit.inventory.ItemStack",
            "v": 2975,
            "type": "ARROW",
            "amount": 12
          }
        }
      },
      "ARMOR": {
        "1": {
          "item": {
            "==": "org.bukkit.inventory.ItemStack",
            "v": 2975,
            "type": "IRON_HELMET",
            "meta": {
              "==": "ItemMeta",
              "meta-type": "UNSPECIFIC",
              "enchants": {
                "PROTECTION_ENVIRONMENTAL": 1
              }
            }
          }
        },
        "2": {
          "item": {
            "==": "org.bukkit.inventory.ItemStack",
            "v": 2975,
            "type": "DIAMOND_CHESTPLATE",
            "meta": {
              "==": "ItemMeta",
              "meta-type": "UNSPECIFIC",
              "enchants": {
                "PROTECTION_ENVIRONMENTAL": 2
              }
            }
          }
        },
        "3": {
          "item": {
            "==": "org.bukkit.inventory.ItemStack",
            "v": 2975,
            "type": "DIAMOND_LEGGINGS",
            "meta": {
              "==": "ItemMeta",
              "meta-type": "UNSPECIFIC",
              "enchants": {
                "PROTECTION_ENVIRONMENTAL": 1
              }
            }
          }
        },
        "4": {
          "item": {
            "==": "org.bukkit.inventory.ItemStack",
            "v": 2975,
            "type": "IRON_BOOTS",
            "meta": {
              "==": "ItemMeta",
              "meta-type": "UNSPECIFIC",
              "enchants": {
                "PROTECTION_ENVIRONMENTAL": 1
              }
            }
          }
        }
      }
    }
  },
  "Vessel": {
    "name": "Vessel",
    "displayed": {
      "item": {
        "==": "org.bukkit.inventory.ItemStack",
        "v": 2975,
        "type": "DIAMOND_CHESTPLATE",
        "meta": {
          "==": "ItemMeta",
          "meta-type": "UNSPECIFIC",
          "display-name": "{\"extra\":[{\"bold\":true,\"italic\":false,\"underlined\":false,\"strikethrough\":false,\"obfuscated\":false,\"color\":\"gray\",\"text\":\"Vessel\"}],\"text\":\"\"}",
          "lore": [
            "{\"extra\":[{\"bold\":false,\"italic\":false,\"underlined\":false,\"strikethrough\":false,\"obfuscated\":false,\"color\":\"green\",\"text\":\"Click to send\"}],\"text\":\"\"}",
            "{\"extra\":[{\"bold\":false,\"italic\":false,\"underlined\":false,\"strikethrough\":false,\"obfuscated\":false,\"color\":\"green\",\"text\":\"a duel request\"}],\"text\":\"\"}",
            "{\"extra\":[{\"bold\":false,\"italic\":false,\"underlined\":false,\"strikethrough\":false,\"obfuscated\":false,\"color\":\"green\",\"text\":\"with this kit!\"}],\"text\":\"\"}"
          ]
        }
      }
    },
    "usePermission": false,
    "arenaSpecific": false,
    "characteristics": [ ],
    "items": {
      "INVENTORY": {
        "0": {
          "item": {
            "==": "org.bukkit.inventory.ItemStack",
            "v": 2975,
            "type": "IRON_SWORD",
            "meta": {
              "==": "ItemMeta",
              "meta-type": "UNSPECIFIC",
              "enchants": {
                "DAMAGE_ALL": 1
              }
            }
          }
        },
        "1": {
          "item": {
            "==": "org.bukkit.inventory.ItemStack",
            "v": 2975,
            "type": "COOKED_BEEF",
            "amount": 16
          }
        },
        "36": {
          "item": {
            "==": "org.bukkit.inventory.ItemStack",
            "v": 2975,
            "type": "IRON_BOOTS",
            "meta": {
              "==": "ItemMeta",
              "meta-type": "UNSPECIFIC",
              "enchants": {
                "PROTECTION_ENVIRONMENTAL": 2
              }
            }
          }
        },
        "37": {
          "item": {
            "==": "org.bukkit.inventory.ItemStack",
            "v": 2975,
            "type": "IRON_LEGGINGS",
            "meta": {
              "==": "ItemMeta",
              "meta-type": "UNSPECIFIC",
              "enchants": {
                "PROTECTION_ENVIRONMENTAL": 2
              }
            }
          }
        },
        "38": {
          "item": {
            "==": "org.bukkit.inventory.ItemStack",
            "v": 2975,
            "type": "DIAMOND_CHESTPLATE",
            "meta": {
              "==": "ItemMeta",
              "meta-type": "UNSPECIFIC",
              "enchants": {
                "PROTECTION_ENVIRONMENTAL": 2
              }
            }
          }
        },
        "39": {
          "item": {
            "==": "org.bukkit.inventory.ItemStack",
            "v": 2975,
            "type": "IRON_HELMET",
            "meta": {
              "==": "ItemMeta",
              "meta-type": "UNSPECIFIC",
              "enchants": {
                "PROTECTION_ENVIRONMENTAL": 2
              }
            }
          }
        },
        "40": {
          "item": {
            "==": "org.bukkit.inventory.ItemStack",
            "v": 2975,
            "type": "SHIELD"
          }
        }
      },
      "ARMOR": {
        "1": {
          "item": {
            "==": "org.bukkit.inventory.ItemStack",
            "v": 2975,
            "type": "IRON_HELMET",
            "meta": {
              "==": "ItemMeta",
              "meta-type": "UNSPECIFIC",
              "enchants": {
                "PROTECTION_ENVIRONMENTAL": 2
              }
            }
          }
        },
        "2": {
          "item": {
            "==": "org.bukkit.inventory.ItemStack",
            "v": 2975,
            "type": "DIAMOND_CHESTPLATE",
            "meta": {
              "==": "ItemMeta",
              "meta-type": "UNSPECIFIC",
              "enchants": {
                "PROTECTION_ENVIRONMENTAL": 2
              }
            }
          }
        },
        "3": {
          "item": {
            "==": "org.bukkit.inventory.ItemStack",
            "v": 2975,
            "type": "IRON_LEGGINGS",
            "meta": {
              "==": "ItemMeta",
              "meta-type": "UNSPECIFIC",
              "enchants": {
                "PROTECTION_ENVIRONMENTAL": 2
              }
            }
          }
        },
        "4": {
          "item": {
            "==": "org.bukkit.inventory.ItemStack",
            "v": 2975,
            "type": "IRON_BOOTS",
            "meta": {
              "==": "ItemMeta",
              "meta-type": "UNSPECIFIC",
              "enchants": {
                "PROTECTION_ENVIRONMENTAL": 2
              }
            }
          }
        }
      }
    }
  },
  "Assasin": {
    "name": "Assasin",
    "displayed": {
      "item": {
        "==": "org.bukkit.inventory.ItemStack",
        "v": 2975,
        "type": "NETHERITE_SWORD",
        "meta": {
          "==": "ItemMeta",
          "meta-type": "UNSPECIFIC",
          "display-name": "{\"extra\":[{\"bold\":true,\"italic\":false,\"underlined\":false,\"strikethrough\":false,\"obfuscated\":false,\"color\":\"gray\",\"text\":\"Assasin\"}],\"text\":\"\"}",
          "lore": [
            "{\"extra\":[{\"bold\":false,\"italic\":false,\"underlined\":false,\"strikethrough\":false,\"obfuscated\":false,\"color\":\"green\",\"text\":\"Click to send\"}],\"text\":\"\"}",
            "{\"extra\":[{\"bold\":false,\"italic\":false,\"underlined\":false,\"strikethrough\":false,\"obfuscated\":false,\"color\":\"green\",\"text\":\"a duel request\"}],\"text\":\"\"}",
            "{\"extra\":[{\"bold\":false,\"italic\":false,\"underlined\":false,\"strikethrough\":false,\"obfuscated\":false,\"color\":\"green\",\"text\":\"with this kit!\"}],\"text\":\"\"}"
          ]
        }
      }
    },
    "usePermission": false,
    "arenaSpecific": false,
    "characteristics": [ ],
    "items": {
      "INVENTORY": {
        "0": {
          "item": {
            "==": "org.bukkit.inventory.ItemStack",
            "v": 2975,
            "type": "DIAMOND_SWORD",
            "meta": {
              "==": "ItemMeta",
              "meta-type": "UNSPECIFIC",
              "enchants": {
                "DAMAGE_ALL": 3
              }
            }
          }
        },
        "1": {
          "item": {
            "==": "org.bukkit.inventory.ItemStack",
            "v": 2975,
            "type": "COOKED_BEEF",
            "amount": 16
          }
        },
        "36": {
          "item": {
            "==": "org.bukkit.inventory.ItemStack",
            "v": 2975,
            "type": "DIAMOND_BOOTS"
          }
        },
        "37": {
          "item": {
            "==": "org.bukkit.inventory.ItemStack",
            "v": 2975,
            "type": "DIAMOND_LEGGINGS",
            "meta": {
              "==": "ItemMeta",
              "meta-type": "UNSPECIFIC",
              "enchants": {
                "PROTECTION_ENVIRONMENTAL": 1
              }
            }
          }
        },
        "38": {
          "item": {
            "==": "org.bukkit.inventory.ItemStack",
            "v": 2975,
            "type": "DIAMOND_CHESTPLATE",
            "meta": {
              "==": "ItemMeta",
              "meta-type": "UNSPECIFIC",
              "enchants": {
                "PROTECTION_ENVIRONMENTAL": 1
              }
            }
          }
        },
        "39": {
          "item": {
            "==": "org.bukkit.inventory.ItemStack",
            "v": 2975,
            "type": "DIAMOND_HELMET"
          }
        }
      },
      "ARMOR": {
        "1": {
          "item": {
            "==": "org.bukkit.inventory.ItemStack",
            "v": 2975,
            "type": "DIAMOND_HELMET"
          }
        },
        "2": {
          "item": {
            "==": "org.bukkit.inventory.ItemStack",
            "v": 2975,
            "type": "DIAMOND_CHESTPLATE",
            "meta": {
              "==": "ItemMeta",
              "meta-type": "UNSPECIFIC",
              "enchants": {
                "PROTECTION_ENVIRONMENTAL": 1
              }
            }
          }
        },
        "3": {
          "item": {
            "==": "org.bukkit.inventory.ItemStack",
            "v": 2975,
            "type": "DIAMOND_LEGGINGS",
            "meta": {
              "==": "ItemMeta",
              "meta-type": "UNSPECIFIC",
              "enchants": {
                "PROTECTION_ENVIRONMENTAL": 1
              }
            }
          }
        },
        "4": {
          "item": {
            "==": "org.bukkit.inventory.ItemStack",
            "v": 2975,
            "type": "DIAMOND_BOOTS"
          }
        }
      }
    }
  },
  "Beserker": {
    "name": "Beserker",
    "displayed": {
      "item": {
        "==": "org.bukkit.inventory.ItemStack",
        "v": 2975,
        "type": "DIAMOND_SWORD",
        "meta": {
          "==": "ItemMeta",
          "meta-type": "UNSPECIFIC",
          "display-name": "{\"extra\":[{\"bold\":true,\"italic\":false,\"underlined\":false,\"strikethrough\":false,\"obfuscated\":false,\"color\":\"gray\",\"text\":\"Beserker\"}],\"text\":\"\"}",
          "lore": [
            "{\"extra\":[{\"bold\":false,\"italic\":false,\"underlined\":false,\"strikethrough\":false,\"obfuscated\":false,\"color\":\"green\",\"text\":\"Click to send\"}],\"text\":\"\"}",
            "{\"extra\":[{\"bold\":false,\"italic\":false,\"underlined\":false,\"strikethrough\":false,\"obfuscated\":false,\"color\":\"green\",\"text\":\"a duel request\"}],\"text\":\"\"}",
            "{\"extra\":[{\"bold\":false,\"italic\":false,\"underlined\":false,\"strikethrough\":false,\"obfuscated\":false,\"color\":\"green\",\"text\":\"with this kit!\"}],\"text\":\"\"}"
          ]
        }
      }
    },
    "usePermission": false,
    "arenaSpecific": false,
    "characteristics": [ ],
    "items": {
      "INVENTORY": {
        "0": {
          "item": {
            "==": "org.bukkit.inventory.ItemStack",
            "v": 2975,
            "type": "DIAMOND_SWORD",
            "meta": {
              "==": "ItemMeta",
              "meta-type": "UNSPECIFIC",
              "enchants": {
                "DAMAGE_ALL": 2
              }
            }
          }
        },
        "1": {
          "item": {
            "==": "org.bukkit.inventory.ItemStack",
            "v": 2975,
            "type": "COOKED_BEEF",
            "amount": 16
          }
        },
        "36": {
          "item": {
            "==": "org.bukkit.inventory.ItemStack",
            "v": 2975,
            "type": "IRON_BOOTS",
            "meta": {
              "==": "ItemMeta",
              "meta-type": "UNSPECIFIC",
              "enchants": {
                "PROTECTION_ENVIRONMENTAL": 1
              }
            }
          }
        },
        "37": {
          "item": {
            "==": "org.bukkit.inventory.ItemStack",
            "v": 2975,
            "type": "IRON_LEGGINGS",
            "meta": {
              "==": "ItemMeta",
              "meta-type": "UNSPECIFIC",
              "enchants": {
                "PROTECTION_ENVIRONMENTAL": 1
              }
            }
          }
        },
        "38": {
          "item": {
            "==": "org.bukkit.inventory.ItemStack",
            "v": 2975,
            "type": "DIAMOND_CHESTPLATE"
          }
        },
        "39": {
          "item": {
            "==": "org.bukkit.inventory.ItemStack",
            "v": 2975,
            "type": "DIAMOND_HELMET"
          }
        }
      },
      "ARMOR": {
        "1": {
          "item": {
            "==": "org.bukkit.inventory.ItemStack",
            "v": 2975,
            "type": "DIAMOND_HELMET"
          }
        },
        "2": {
          "item": {
            "==": "org.bukkit.inventory.ItemStack",
            "v": 2975,
            "type": "DIAMOND_CHESTPLATE"
          }
        },
        "3": {
          "item": {
            "==": "org.bukkit.inventory.ItemStack",
            "v": 2975,
            "type": "IRON_LEGGINGS",
            "meta": {
              "==": "ItemMeta",
              "meta-type": "UNSPECIFIC",
              "enchants": {
                "PROTECTION_ENVIRONMENTAL": 1
              }
            }
          }
        },
        "4": {
          "item": {
            "==": "org.bukkit.inventory.ItemStack",
            "v": 2975,
            "type": "IRON_BOOTS",
            "meta": {
              "==": "ItemMeta",
              "meta-type": "UNSPECIFIC",
              "enchants": {
                "PROTECTION_ENVIRONMENTAL": 1
              }
            }
          }
        }
      }
    }
  }
}